{
  "project_info": {
    "project_number": "927709621829",
    "firebase_url": "https://myfirebase-872d0.firebaseio.com",
    "project_id": "myfirebase-872d0",
    "storage_bucket": "myfirebase-872d0.appspot.com"
  },
  "client": [
    {
      "client_info": {
        "mobilesdk_app_id": "1:927709621829:android:678720770f8b859788fd2c",
        "android_client_info": {
          "package_name": "com.example.pbl2shoppingmall"
        }
      },
      "oauth_client": [
        {
          "client_id": "927709621829-n9an53si8q1o5j8i2c05pka7fjjhi4hr.apps.googleusercontent.com",
          "client_type": 1,
          "android_info": {
            "package_name": "com.example.pbl2shoppingmall",
            "certificate_hash": "558cd63ccac98efb22394901bb1ea48067b5d9a5"
          }
        },
        {
          "client_id": "927709621829-equ5su0t32714rr8mjkv0bj7d2rdiu9p.apps.googleusercontent.com",
          "client_type": 3
        }
      ],
      "api_key": [
        {
          "current_key": "AIzaSyDTzFaVVU8wOBFR7z8_m03JUok4ZHO-ZLs"
        }
      ],
      "services": {
        "appinvite_service": {
          "other_platform_oauth_client": [
            {
              "client_id": "927709621829-equ5su0t32714rr8mjkv0bj7d2rdiu9p.apps.googleusercontent.com",
              "client_type": 3
            }
          ]
        }
      }
    }
  ],
  "configuration_version": "1"
}